える,える,にじさんじ,0
あいぞのまなみ,愛園愛美,にじさんじ,0
あいばういは,相羽ういは,にじさんじ,0
あくしあくろーね,アクシア・クローネ,にじさんじ,0
あさひなあかね,朝日南アカネ,にじさんじ,0
あすかひな,飛鳥ひな,にじさんじ,0
あづちもも,安土桃,にじさんじ,0
あまみやこころ,天宮こころ,にじさんじ,0
あめもりさよ,雨森小夜,にじさんじ,0
あるすあるまる,アルス・アルマル,にじさんじ,0
あんじゅかとりーな,アンジュ・カトリーナ,にじさんじ,0
いえながむぎ,家長むぎ,にじさんじ,0
いぬいとこ,戌亥とこ,にじさんじ,0
うしみいちご,宇志海いちご,にじさんじ,0
うづきこう,卯月コウ,にじさんじ,0
えくすあるびお,エクス・アルビオ,にじさんじ,0
えまおうがすと,えま★おうがすと,にじさんじ,0
えりーこにふぁー,エリー・コニファー,にじさんじ,0
おのまちはるか,小野町春香,にじさんじ,0
おりばーえばんす,オリバー・エバンス,にじさんじ,0
かいだはる,甲斐田晴,にじさんじ,0
かがみはやと,加賀美ハヤト,にじさんじ,0
かたりべつむぐ,語部紡,にじさんじ,0
かんだしょういち,神田笑一,にじさんじ,0
きたこうじひすい,北小路ヒスイ,にじさんじ,0
くずは,葛葉,にじさんじ,0
くるすなつめ,来栖夏芽,にじさんじ,0
くろいしば,黒井しば,にじさんじ,0
ぐうぇるおすがーる,グウェル・オス・ガール,にじさんじ,0
ぐんどうみれい,郡道美玲,にじさんじ,0
けんもちとうや,剣持刀也,にじさんじ,0
げんづきとうじろう,弦月藤士郎,にじさんじ,0
さえぐさあきな,三枝明那,にじさんじ,0
さくらりつき,桜凛月,にじさんじ,0
ささきさく,笹木咲,にじさんじ,0
しいなゆいか,椎名唯華,にじさんじ,0
しすたーくれあ,シスター・クレア,にじさんじ,0
しずかりん,静凛,にじさんじ,0
しぶやはじめ,渋谷ハジメ,にじさんじ,0
しらゆきともえ,白雪巴,にじさんじ,0
じょーりきいち,ジョー・力一,にじさんじ,0
すおうさんご,周央サンゴ,にじさんじ,0
すこやかな,健屋花那,にじさんじ,0
すずかうたこ,鈴鹿詩子,にじさんじ,0
せとみやこ,瀬戸美夜子,にじさんじ,0
たかみやりおん,鷹宮リオン,にじさんじ,0
つきのみと,月ノ美兎,にじさんじ,0
でびでびでびる,でびでび・でびる,にじさんじ,0
とうどうこはく,東堂コハク,にじさんじ,0
ながおけい,長尾景,にじさんじ,0
なるせなる,成瀬鳴,にじさんじ,0
にしぞのちぐさ,西園チグサ,にじさんじ,0
にゅいそしえーる,ニュイ・ソシエール,にじさんじ,0
はかせふゆき,葉加瀬冬雪,にじさんじ,0
はなばたけちゃいか,花畑チャイカ,にじさんじ,0
はやせそう,早瀬走,にじさんじ,0
はやままりん,葉山舞鈴,にじさんじ,0
はるさきえある,春崎エアル,にじさんじ,0
ふしみがく,伏見ガク,にじさんじ,0
ふみ,フミ,にじさんじ,0
ふみのたまき,文野環,にじさんじ,0
ふわみなと,不破湊,にじさんじ,0
べるもんどばんでらす,ベルモンド・バンデラス,にじさんじ,0
ほしかわさら,星川サラ,にじさんじ,0
ほんまひまわり,本間ひまわり,にじさんじ,0
まいもとけいすけ,舞元啓介,にじさんじ,0
まちたちま,町田ちま,にじさんじ,0
まつかいまお,魔使マオ,にじさんじ,0
まゆずみかい,黛灰,にじさんじ,0
もののべありす,物述有栖,にじさんじ,0
もりなかかざき,森中花咲,にじさんじ,0
やぐるまりね,矢車りね,にじさんじ,0
やしろきずく,社築,にじさんじ,0
やまがみかるた,山神カルタ,にじさんじ,0
ゆうきちひろ,勇気ちひろ,にじさんじ,0
ゆうひりり,夕陽リリ,にじさんじ,0
ゆきしろまひろ,雪城眞尋,にじさんじ,0
ゆづきろあ,夢月ロア,にじさんじ,0
ゆめおいかける,夢追翔,にじさんじ,0
よるみれな,夜見れな,にじさんじ,0
らとなぷてぃ,ラトナ・プティ,にじさんじ,0
りぜへるえすた,リゼ・ヘルエスタ,にじさんじ,0
りんどうみこと,竜胆尊,にじさんじ,0
るいすきゃみー,ルイス・キャミー,にじさんじ,0
れいんぱたーそん,レイン・パターソン,にじさんじ,0
れおすヴぃんせんと,レオス・ヴィンセント,にじさんじ,0
れヴぃえりふぁ,レヴィ・エリファ,にじさんじ,0
ろーれんいろあす,ローレン・イロアス,にじさんじ,0
わらべだめいじー,童田明治,にじさんじ,0
ひぐちかえで,樋口楓,にじさんじ,0
かなえ,叶,にじさんじ,0
どーら,ドーラ,にじさんじ,0
ふれんいーるすたりお,フレン・E・ルスタリオ,にじさんじ,0
めりっさきんれんか,メリッサ・キンレンカ,にじさんじ,0
もいら,モイラ,にじさんじ,0
ぎるざれんさんせい,ギルザレンIII世,にじさんじ,0
しぇりんばーがんでぃ,シェリン・バーガンディ,にじさんじ,0
すずやあき,鈴谷アキ,にじさんじ,0
あかばねようこ,赤羽葉子,にじさんじ,0
まかいのりりむ,魔界ノりりむ,にじさんじ,0
とどろききょうこ,轟京子,にじさんじ,0
すずきまさる,鈴木勝,にじさんじ,0
りゅーしぇん,緑仙,にじさんじ,0
ましろ,ましろ,にじさんじ,0
ならか,奈羅花,にじさんじ,0
いぶらひむ,イブラヒム,にじさんじ,0
そらほしきらめ,空星きらめ,にじさんじ,0
あかいはあと,赤井はあと,ホロライブ,0
あきろーぜんたーる,アキ・ローゼンタール,ホロライブ,0
あずき,AZKi,ホロライブ,0
あまねかなた,天音かなた,ホロライブ,0
いぬがみころね,戌神ころね,ホロライブ,0
うさだぺこら,兎田ぺこら,ホロライブ,0
うるはるしあ,潤羽るしあ,ホロライブ,0
おおかみみお,大神ミオ,ホロライブ,0
おおぞらすばる,大空スバル,ホロライブ,0
おまるぽるか,尾丸ポルカ,ホロライブ,0
かざまいろは,風真いろは,ホロライブ,0
あまねかなた,天音かなた,ホロライブ,0
さかまたくろえ,沙花叉クロヱ,ホロライブ,0
さくらみこ,さくらみこ,ホロライブ,0
ししろぼたん,獅白ぼたん,ホロライブ,0
しらかみふぶき,白上フブキ,ホロライブ,0
しらぬいふれあ,不知火フレア,ホロライブ,0
しろがねのえる,白銀ノエル,ホロライブ,0
たかねるい,鷹嶺ルイ,ホロライブ,0
つのまきわため,角巻わため,ホロライブ,0
ときのそら,ときのそら,ホロライブ,0
とこやみとわ,常闇トワ,ホロライブ,0
なきりあやめ,百鬼あやめ,ホロライブ,0
なついろまつり,夏色まつり,ホロライブ,0
ねこまたおかゆ,猫又おかゆ,ホロライブ,0
はくいこより,博衣こより,ホロライブ,0
ひめもりるーな,姫森ルーナ,ホロライブ,0
ほうしょうまりん,宝鐘マリン,ホロライブ,0
ほしまちすいせい,星街すいせい,ホロライブ,0
みなとあくあ,湊あくあ,ホロライブ,0
むらさきしおん,紫咲シオン,ホロライブ,0
ももすずねね,桃鈴ねね,ホロライブ,0
ゆきはならみぃ,雪花ラミィ,ホロライブ,0
ゆづきちょこ,癒月ちょこ,ホロライブ,0
よぞらめる,夜空メル,ホロライブ,0
らぷらすだーくねす,ラプラス・ダークネス,ホロライブ,0
あゆんだりす,アユンダ・リス,ホロライブ,0
むーなほしのヴぁ,ムーナ・ホシノヴァ,ホロライブ,0
あいらにいおふぃふてぃーん,アイラニ・イオフィフティーン,ホロライブ,0
くれいじーおりー,クレイジー・オリー,ホロライブ,0
あーにゃめるふぃっさ,アーニャ・メルフィッサ,ホロライブ,0
ぱヴぉりあれいね,パヴォリア・レイネ,ホロライブ,0
もりかりおぺ,森カリオペ,ホロライブ,0
たかなしきあら,小鳥遊キアラ,ホロライブ,0
にのまえいなにす,一伊那尓栖,ホロライブ,0
がうるぐら,がうる・ぐら,ホロライブ,0
わとそんあめりあ,ワトソン・アメリア,ホロライブ,0
あいりす,アイリス,ホロライブ,0
つくもさな,九十九佐命,ホロライブ,0
せれすふぁうな,セレス・ファウナ,ホロライブ,0
おーろくろにー,オーロ・クロニー,ホロライブ,0
ななしむめい,七詩ムメイ,ホロライブ,0
はこすべーるず,ハコス・ベールズ,ホロライブ,0
きりゅうここ,桐生ココ,ホロライブ,1
はなさきみやび,花咲みやび,ホロスターズ,0
かなでいづる,奏手イヅル,ホロスターズ,0
あるらんでぃす,アルランディス,ホロスターズ,0
りっか,律可,ホロスターズ,0
あすてるれだ,アステル・レダ,ホロスターズ,0
きしどうてんま,岸堂天真,ホロスターズ,0
ゆうこくろべる,夕刻ロベル,ホロスターズ,0
かげやましえん,影山シエン,ホロスターズ,0
あらがみおうが,荒咬オウガ,ホロスターズ,0
かがみきら,鏡見キラ,ホロスターズ,0
いなばはねる,因幡はねる,あにまーれ,0
そうやいちか,宗谷いちか,あにまーれ,0
ひのくまらん,日ノ隈らん,あにまーれ,0
かざみくく,風見くく,あにまーれ,0
ゆのはらいずみ,柚原いづみ,あにまーれ,0
しろみやみみ,白宮みみ,あにまーれ,0
せしまるい,瀬島るい,あにまーれ,0
ひらひかり,飛良ひかり,あにまーれ,0
おおうらるかこ,大浦るかこ,あにまーれ,0
つきのきちろる,月野木ちろる,あにまーれ,0
こなんみあ,湖南みあ,あにまーれ,0
うもりひなこ,宇森ひなこ,あにまーれ,1
いなりくろむ,稲荷くろむ,あにまーれ,1
はいばらあかね,灰原あかね,あにまーれ,1
はしばなつみ,羽柴なつみ,あにまーれ,1
すおうぱとら,周防パトラ,ハニーストラップ,0
さいおんじめあり,西園寺メアリ,ハニーストラップ,0
しまむらしゃるろっと,島村シャルロット,ハニーストラップ,0
せきしろみこ,堰代ミコ,ハニーストラップ,0
そうげつえり,蒼月エリ,ハニーストラップ,1
あんどゆげ,杏戸ゆげ,ブイアパ,0
かなでかのん,花奏かのん,ブイアパ,0
きさきあんこ,季咲あんこ,ブイアパ,0
ふまわっと,不磨わっと,ブイアパ,0
こもりめと,小森めと,ブイアパ,0
りゅうがさきりん,龍ヶ崎リン,シュガーリリック,0
こじょうあんな,虎城アンナ,シュガーリリック,0
ししおうくりす,獅子王クリス,シュガーリリック,0
あかねかんな,茜音カンナ,緋翼のクロスピース,0
すずみねも,涼海ネモ,緋翼のクロスピース,0
いえいりぽぽ,家入ポポ,緋翼のクロスピース,0
しすいきき,紫水キキ,緋翼のクロスピース,0
とうりせい,橙里セイ,緋翼のクロスピース,0
こはくゆり,瑚白ユリ,緋翼のクロスピース,0
やみのよもるる,闇夜乃モルル,にじさんじ,1
あちきたちなみ,遠北千南,にじさんじ,1
うみやしゃのかみ,海夜叉神,にじさんじ,1
くどうちとせ,久遠千歳,にじさんじ,1
つきみしずく,月見しずく,にじさんじ,1
おとぎばらえら,御伽原江良,にじさんじ,1
しんどうらいと,真堂雷斗,にじさんじ,2
なかおあずま,名伽尾アズマ,にじさんじ,1
すずはらるる,鈴原るる,にじさんじ,1
まのあろえ,魔乃アロエ,ホロライブ,2
かるろぴの,カルロ・ピノ,.LIVE,0
ばあちゃる,ばあちゃる,.LIVE,0
めりーみるく,メリーミルク,.LIVE,0
もこためめめ,もこ田めめめ,.LIVE,0
やまといおり,ヤマト・イオリ,.LIVE,0
りくむ,リクム,.LIVE,0
るるんるるりか,ルルン・ルルリカ,.LIVE,0
かきょういんちえり,花京院ちえり,.LIVE,0
うしまきりこ,牛巻りこ,.LIVE,1
こんごういろは,金剛いろは,.LIVE,1
ななほしみりり,七星みりり,.LIVE,0
かぐらすず,神楽すず,.LIVE,0
しろ,電脳少女シロ,.LIVE,0
やえざわなとり,八重沢なとり,.LIVE,1
きたがみふたば,北上双葉,.LIVE,1
きそあずき,木曽あずき,.LIVE,1
ねこのきもち,猫乃木もち,.LIVE,2
よざくらたま,夜桜たま,.LIVE,2
